,隊伍,日期,總分,第一節分數,第二節分數,第三節分數,第四節分數
0,騎士,2021/1/1,99,21,30,17,31
1,步行者,2021/1/1,119,32,25,31,31
2,公牛,2021/1/1,133,35,36,36,26
3,奇才,2021/1/1,130,41,27,32,30
4,76人,2021/1/1,116,38,37,23,18
5,魔術,2021/1/1,92,22,18,29,23
6,國王,2021/1/1,119,33,26,27,33
7,火箭,2021/1/1,122,32,31,24,35
8,尼克斯,2021/1/1,83,18,24,22,19
9,猛龍,2021/1/1,100,22,20,29,29
10,鵜鶘,2021/1/1,113,32,26,27,28
11,雷霆,2021/1/1,80,28,19,26,7
12,太陽,2021/1/1,106,21,32,30,23
13,爵士,2021/1/1,95,22,18,30,25
14,凱爾特人,2021/1/2,93,12,28,33,20
15,活塞,2021/1/2,96,27,28,24,17
16,灰熊,2021/1/2,108,23,30,30,25
17,?蜂,2021/1/2,93,19,28,20,26
18,熱火,2021/1/2,83,16,15,22,30
19,獨行俠,2021/1/2,93,20,26,27,20
20,老鷹,2021/1/2,114,29,32,28,25
21,籃網,2021/1/2,96,23,29,21,23
22,湖人,2021/1/2,109,25,33,23,28
23,馬刺,2021/1/2,103,31,26,28,18
24,公牛,2021/1/2,96,21,19,35,21
25,雄鹿,2021/1/2,126,27,35,34,30
26,奇才,2021/1/2,130,37,23,40,30
27,森林狼,2021/1/2,109,25,32,14,38
28,太陽,2021/1/2,106,34,26,27,19
29,掘金,2021/1/2,103,32,17,29,25
30,快船,2021/1/2,100,19,23,23,35
31,爵士,2021/1/2,106,31,20,33,22
32,開拓者,2021/1/2,123,36,31,31,25
33,勇士,2021/1/2,98,21,34,25,18
34,國王,2021/1/3,94,36,28,17,13
35,火箭,2021/1/3,102,36,28,19,19
36,雷霆,2021/1/3,108,28,24,32,24
37,魔術,2021/1/3,99,33,18,31,17
38,尼克斯,2021/1/3,106,26,24,32,24
39,步行者,2021/1/3,102,28,23,31,20
40,?蜂,2021/1/3,112,24,34,32,22
41,76人,2021/1/3,127,39,34,31,23
42,猛龍,2021/1/3,116,26,34,22,34
43,鵜鶘,2021/1/3,120,32,23,32,33
44,騎士,2021/1/3,96,25,19,26,26
45,老鷹,2021/1/3,91,35,21,18,17
46,凱爾特人,2021/1/4,122,31,30,30,31
47,活塞,2021/1/4,120,33,24,31,32
48,湖人,2021/1/4,108,25,31,21,31
49,灰熊,2021/1/4,94,36,18,21,19
50,奇才,2021/1/4,123,29,41,24,29
51,籃網,2021/1/4,122,28,43,22,29
52,掘金,2021/1/4,124,29,26,28,41
53,森林狼,2021/1/4,109,28,20,36,25
54,爵士,2021/1/4,130,33,32,33,32
55,馬刺,2021/1/4,109,23,28,25,33
56,快船,2021/1/4,112,37,27,24,24
57,太陽,2021/1/4,107,24,20,37,26
58,獨行俠,2021/1/4,108,31,29,21,27
59,公牛,2021/1/4,118,31,28,27,32
60,開拓者,2021/1/4,122,33,21,29,39
61,勇士,2021/1/4,137,36,30,31,40
62,?蜂,2021/1/5,101,20,23,23,35
63,76人,2021/1/5,118,23,35,24,36
64,騎士,2021/1/5,83,19,30,18,16
65,魔術,2021/1/5,103,26,25,38,14
66,尼克斯,2021/1/5,113,31,23,30,29
67,老鷹,2021/1/5,108,29,29,30,20
68,凱爾特人,2021/1/5,126,23,38,39,26
69,猛龍,2021/1/5,114,32,14,35,33
70,雷霆,2021/1/5,90,26,23,17,24
71,熱火,2021/1/5,118,26,37,28,27
72,步行者,2021/1/5,118,26,27,26,27
73,鵜鶘,2021/1/5,116,24,27,26,29
74,活塞,2021/1/5,115,26,30,24,35
75,雄鹿,2021/1/5,125,33,34,30,28
76,獨行俠,2021/1/5,113,33,28,23,29
77,火箭,2021/1/5,100,21,28,28,23
78,國王,2021/1/5,106,20,28,27,31
79,勇士,2021/1/5,137,37,31,32,37
80,爵士,2021/1/6,96,14,30,29,23
81,籃網,2021/1/6,130,35,28,35,32
82,湖人,2021/1/6,94,19,26,22,27
83,灰熊,2021/1/6,92,24,25,19,24
84,森林狼,2021/1/6,116,22,43,31,20
85,掘金,2021/1/6,123,34,28,31,30
86,馬刺,2021/1/6,116,36,27,22,31
87,快船,2021/1/6,113,27,17,40,29
88,公牛,2021/1/6,111,21,24,36,30
89,開拓者,2021/1/6,108,39,15,31,23
90,火箭,2021/1/7,107,30,26,31,20
91,步行者,2021/1/7,114,35,27,28,24
92,騎士,2021/1/7,94,23,22,19,30
93,魔術,2021/1/7,105,15,36,32,22
94,奇才,2021/1/7,136,24,43,39,30
95,76人,2021/1/7,141,33,49,34,25
96,?蜂,2021/1/7,102,27,32,22,21
97,老鷹,2021/1/7,94,11,29,27,27
98,爵士,2021/1/7,100,27,29,19,25
99,尼克斯,2021/1/7,112,20,24,34,34
100,凱爾特人,2021/1/7,107,34,19,27,27
101,熱火,2021/1/7,105,26,19,35,25
102,活塞,2021/1/7,115,33,23,26,33
103,雄鹿,2021/1/7,130,44,38,26,22
104,雷霆,2021/1/7,111,26,28,34,23
105,鵜鶘,2021/1/7,110,34,25,19,32
106,猛龍,2021/1/7,115,25,29,33,28
107,太陽,2021/1/7,123,22,36,38,27
108,公牛,2021/1/7,124,25,34,34,31
109,國王,2021/1/7,128,28,34,31,35
110,快船,2021/1/7,108,21,31,31,25
111,勇士,2021/1/7,101,15,36,26,24
112,76人,2021/1/8,109,26,25,33,25
113,籃網,2021/1/8,122,28,37,29,28
114,騎士,2021/1/8,94,19,27,21,27
115,灰熊,2021/1/8,90,24,21,24,21
116,獨行俠,2021/1/8,124,22,21,33,33
117,掘金,2021/1/8,117,28,24,26,31
118,森林狼,2021/1/8,117,29,27,24,37
119,開拓者,2021/1/8,135,28,47,36,24
120,馬刺,2021/1/8,118,34,31,26,27
121,湖人,2021/1/8,109,26,30,33,20
122,太陽,2021/1/9,105,29,27,20,17
123,活塞,2021/1/9,110,20,28,24,21
124,雷霆,2021/1/9,101,15,27,27,32
125,尼克斯,2021/1/9,89,24,18,21,26
126,?蜂,2021/1/9,118,22,25,35,36
127,鵜鶘,2021/1/9,110,38,21,28,23
128,奇才,2021/1/9,107,28,19,34,26
129,凱爾特人,2021/1/9,116,33,33,30,20
130,爵士,2021/1/9,131,34,31,39,27
131,雄鹿,2021/1/9,118,31,27,38,22
132,魔術,2021/1/9,90,17,16,24,33
133,火箭,2021/1/9,132,32,30,31,39
134,籃網,2021/1/9,110,28,19,39,24
135,灰熊,2021/1/9,115,40,22,30,23
136,公牛,2021/1/9,115,33,25,30,27
137,湖人,2021/1/9,117,28,31,33,25
138,猛龍,2021/1/9,144,35,36,40,33
139,國王,2021/1/9,123,43,31,29,20
140,快船,2021/1/9,105,30,35,22,18
141,勇士,2021/1/9,115,22,29,30,34
142,掘金,2021/1/10,115,28,30,35,22
143,76人,2021/1/10,103,26,25,21,31
144,熱火,2021/1/10,128,47,28,28,25
145,奇才,2021/1/10,124,44,27,15,38
146,太陽,2021/1/10,125,30,26,34,35
147,步行者,2021/1/10,117,32,21,34,30
148,老鷹,2021/1/10,105,29,21,26,29
149,?蜂,2021/1/10,113,28,31,28,26
150,馬刺,2021/1/10,125,28,32,23,30
151,森林狼,2021/1/10,122,34,24,27,28
152,騎士,2021/1/10,90,14,23,26,27
153,雄鹿,2021/1/10,100,27,20,31,22
154,魔術,2021/1/10,98,27,23,25,23
155,獨行俠,2021/1/10,112,36,20,29,27
156,開拓者,2021/1/10,125,38,28,27,32
157,國王,2021/1/10,99,24,25,20,30
158,爵士,2021/1/11,96,34,23,17,22
159,活塞,2021/1/11,86,19,21,28,18
160,公牛,2021/1/11,127,31,28,35,33
161,快船,2021/1/11,130,22,30,42,36
162,雷霆,2021/1/11,129,29,28,37,35
163,籃網,2021/1/11,116,41,22,18,35
164,掘金,2021/1/11,114,28,31,23,32
165,尼克斯,2021/1/11,89,21,17,26,25
166,熱火,2021/1/15,108,30,28,20,30
167,76人,2021/1/15,125,38,35,25,27
168,?蜂,2021/1/15,108,34,28,24,22
169,猛龍,2021/1/15,111,35,36,28,12
170,火箭,2021/1/15,109,30,18,27,34
171,馬刺,2021/1/15,105,27,18,34,26
172,步行者,2021/1/15,111,26,33,25,27
173,開拓者,2021/1/15,87,26,10,35,16
174,勇士,2021/1/15,104,24,30,22,28
175,掘金,2021/1/15,114,37,28,25,24
176,湖人,2021/1/22,113,29,34,23,27
177,雄鹿,2021/1/22,106,33,24,24,25
178,鵜鶘,2021/1/22,118,43,26,23,26
179,爵士,2021/1/22,129,31,39,30,29
180,尼克斯,2021/1/22,119,40,23,26,30
181,勇士,2021/1/22,104,31,26,19,28
182,公牛,2021/1/23,123,30,31,34,28
183,?蜂,2021/1/23,110,29,24,30,27
184,火箭,2021/1/23,103,34,21,22,26
185,活塞,2021/1/23,102,21,26,34,21
186,魔術,2021/1/23,118,28,32,27,21
187,步行者,2021/1/23,120,37,25,26,20
188,凱爾特人,2021/1/23,110,33,19,28,30
189,76人,2021/1/23,122,25,24,42,31
190,熱火,2021/1/23,81,20,22,22,17
191,猛龍,2021/1/23,101,37,19,17,28
192,籃網,2021/1/23,113,33,27,24,29
193,騎士,2021/1/23,125,34,27,37,27
194,老鷹,2021/1/23,116,25,37,30,24
195,森林狼,2021/1/23,98,19,24,24,31
196,開拓者,2021/1/29,101,32,18,27,24
197,火箭,2021/1/29,104,17,36,33,18
198,湖人,2021/1/29,92,31,27,20,14
199,活塞,2021/1/29,107,34,22,26,25
200,快船,2021/1/29,109,19,29,40,21
201,熱火,2021/1/29,105,33,17,19,36
202,勇士,2021/1/29,93,29,18,24,22
203,太陽,2021/1/29,114,36,16,33,29
204,步行者,2021/1/30,105,28,32,20,25
205,?蜂,2021/1/30,108,32,32,25,19
206,老鷹,2021/1/30,116,31,30,28,27
207,奇才,2021/1/30,100,22,28,21,29
208,雄鹿,2021/1/30,126,21,24,44,37
209,鵜鶘,2021/1/30,131,35,33,35,28
210,騎士,2021/1/30,81,17,16,22,26
211,尼克斯,2021/1/30,102,19,28,25,30
212,國王,2021/1/30,126,36,32,36,22
213,猛龍,2021/1/30,124,24,34,33,33
214,76人,2021/1/30,118,25,28,35,30
215,森林狼,2021/1/30,94,25,23,26,20
216,籃網,2021/1/30,147,36,40,39,32
217,雷霆,2021/1/30,125,27,32,35,31
218,快船,2021/1/30,116,26,36,28,26
219,魔術,2021/1/30,90,26,22,23,19
220,掘金,2021/1/30,109,30,25,31,23
221,馬刺,2021/1/30,119,37,24,26,32
222,獨行俠,2021/1/30,101,12,33,23,33
223,爵士,2021/1/30,120,37,24,33,26
224,開拓者,2021/1/31,123,32,32,29,30
225,公牛,2021/1/31,122,34,19,33,36
226,雄鹿,2021/1/31,114,31,33,30,20
227,?蜂,2021/1/31,126,39,29,29,29
228,火箭,2021/1/31,126,27,48,24,27
229,鵜鶘,2021/1/31,112,35,22,27,28
230,國王,2021/1/31,104,35,24,18,27
231,熱火,2021/1/31,105,24,33,27,21
232,湖人,2021/1/31,96,28,24,19,25
233,凱爾特人,2021/1/31,95,24,25,29,17
234,灰熊,2021/1/31,129,35,29,36,29
235,馬刺,2021/1/31,112,27,29,34,22
236,太陽,2021/1/31,111,29,26,22,34
237,獨行俠,2021/1/31,105,28,27,27,23
238,活塞,2021/1/31,91,17,28,23,23
239,勇士,2021/1/31,118,29,35,30,24
240,快船,2021/2/1,129,29,37,35,28
241,尼克斯,2021/2/1,115,31,34,26,24
242,爵士,2021/2/1,117,29,25,37,26
243,掘金,2021/2/1,128,43,36,24,25
244,76人,2021/2/1,119,18,36,28,37
245,步行者,2021/2/1,110,28,35,32,15
246,魔術,2021/2/1,102,15,29,29,29
247,猛龍,2021/2/1,115,27,31,26,31
248,籃網,2021/2/1,146,38,33,37,38
249,奇才,2021/2/1,149,28,37,36,48
250,騎士,2021/2/1,104,35,26,25,18
251,森林狼,2021/2/1,109,30,25,33,21
252,?蜂,2021/2/2,129,28,26,34,25
253,熱火,2021/2/2,121,29,28,25,31
254,湖人,2021/2/2,107,28,22,25,32
255,老鷹,2021/2/2,99,25,21,30,23
256,森林狼,2021/2/2,98,29,15,23,31
257,騎士,2021/2/2,100,29,23,24,24
258,國王,2021/2/2,118,30,30,27,31
259,鵜鶘,2021/2/2,109,33,29,32,15
260,火箭,2021/2/2,136,48,25,29,34
261,雷霆,2021/2/2,106,24,30,22,30
262,尼克斯,2021/2/2,102,27,28,26,21
263,公牛,2021/2/2,110,32,27,25,26
264,開拓者,2021/2/2,106,36,20,21,29
265,雄鹿,2021/2/2,134,46,33,34,21
266,太陽,2021/2/2,109,22,25,30,32
267,獨行俠,2021/2/2,108,22,31,29,26
268,灰熊,2021/2/2,133,33,36,27,37
269,馬刺,2021/2/2,102,31,22,30,19
270,爵士,2021/2/5,112,20,25,35,32
271,老鷹,2021/2/5,91,16,21,26,28
272,勇士,2021/2/5,147,36,38,36,37
273,獨行俠,2021/2/5,116,34,42,20,20
274,開拓者,2021/2/5,121,28,29,40,24
275,76人,2021/2/5,105,28,29,19,29
276,火箭,2021/2/5,115,27,33,27,28
277,灰熊,2021/2/5,103,27,20,23,33
278,掘金,2021/2/5,93,30,28,17,18
279,湖人,2021/2/5,114,27,19,37,31
280,公牛,2021/2/6,119,31,25,25,38
281,魔術,2021/2/6,123,33,33,26,31
282,鵜鶘,2021/2/6,114,27,30,29,28
283,步行者,2021/2/6,113,30,18,27,38
284,雄鹿,2021/2/6,123,26,34,34,29
285,騎士,2021/2/6,105,33,30,26,16
286,猛龍,2021/2/6,123,34,33,25,31
287,籃網,2021/2/6,117,23,40,27,27
288,爵士,2021/2/6,138,30,39,37,32
289,?蜂,2021/2/6,121,32,22,36,31
290,森林狼,2021/2/6,106,25,26,34,21
291,雷霆,2021/2/6,103,23,32,21,27
292,奇才,2021/2/6,95,27,16,27,25
293,熱火,2021/2/6,122,40,31,35,16
294,活塞,2021/2/6,92,24,20,24,24
295,太陽,2021/2/6,109,27,30,30,22
296,凱爾特人,2021/2/6,119,21,30,38,30
297,快船,2021/2/6,115,33,29,20,33
298,開拓者,2021/2/7,99,31,20,25,23
299,尼克斯,2021/2/7,110,26,31,27,26
300,掘金,2021/2/7,114,25,27,29,33
301,國王,2021/2/7,119,26,27,34,32
302,公牛,2021/2/7,118,31,30,34,23
303,魔術,2021/2/7,92,31,12,21,28
304,籃網,2021/2/7,108,29,27,30,22
305,76人,2021/2/7,124,34,25,43,22
306,猛龍,2021/2/7,121,34,29,31,27
307,老鷹,2021/2/7,132,28,38,35,31
308,森林狼,2021/2/7,118,24,38,32,24
309,雷霆,2021/2/7,120,43,40,13,24
310,馬刺,2021/2/7,111,29,22,33,27
311,火箭,2021/2/7,106,23,24,30,29
312,雄鹿,2021/2/7,124,25,34,35,30
313,騎士,2021/2/7,99,22,32,23,22
314,勇士,2021/2/7,132,31,33,37,31
315,獨行俠,2021/2/7,134,35,37,34,28
316,灰熊,2021/2/7,109,33,28,30,18
317,鵜鶘,2021/2/7,118,31,29,30,28
318,活塞,2021/2/7,129,29,25,24,28
319,湖人,2021/2/7,135,27,36,25,18
320,爵士,2021/2/8,103,25,22,28,28
321,步行者,2021/2/8,95,20,27,21,27
322,熱火,2021/2/12,101,19,28,28,26
323,火箭,2021/2/12,94,29,24,10,31
324,猛龍,2021/2/12,106,29,27,24,26
325,凱爾特人,2021/2/12,120,34,32,22,32
326,步行者,2021/2/12,111,28,24,30,29
327,活塞,2021/2/12,95,19,33,18,25
328,魔術,2021/2/12,105,19,36,25,25
329,勇士,2021/2/12,111,29,18,37,27
330,76人,2021/2/12,114,36,27,30,21
331,開拓者,2021/2/12,118,37,23,29,29
332,森林狼,2021/2/13,114,30,29,26,29
333,?蜂,2021/2/13,120,25,35,30,30
334,尼克斯,2021/2/13,109,30,23,26,30
335,奇才,2021/2/13,91,23,19,22,27
336,馬刺,2021/2/13,125,36,41,33,15
337,老鷹,2021/2/13,114,29,19,24,42
338,鵜鶘,2021/2/13,130,34,31,36,29
339,獨行俠,2021/2/13,143,27,42,39,35
340,快船,2021/2/13,125,30,28,32,35
341,公牛,2021/2/13,106,25,29,24,28
342,活塞,2021/2/13,108,27,27,28,26
343,凱爾特人,2021/2/13,102,23,29,20,30
344,雄鹿,2021/2/13,115,31,21,30,33
345,爵士,2021/2/13,129,35,34,27,33
346,雷霆,2021/2/13,95,28,25,26,16
347,掘金,2021/2/13,97,16,24,30,27
348,騎士,2021/2/13,110,23,29,25,33
349,開拓者,2021/2/13,129,34,39,27,29
350,灰熊,2021/2/13,105,31,28,23,23
351,湖人,2021/2/13,115,16,30,41,28
352,魔術,2021/2/13,123,33,31,33,26
353,國王,2021/2/13,112,33,26,28,25
354,76人,2021/2/14,111,28,25,28,30
355,太陽,2021/2/14,120,23,30,33,34
356,步行者,2021/2/14,125,27,35,22,41
357,老鷹,2021/2/14,113,26,32,29,26
358,火箭,2021/2/14,99,25,22,28,24
359,尼克斯,2021/2/14,121,30,33,24,34
360,籃網,2021/2/14,134,37,29,42,26
361,勇士,2021/2/14,117,28,23,31,35
362,熱火,2021/2/14,94,21,21,15,37
363,爵士,2021/2/14,112,18,29,31,34
364,凱爾特人,2021/2/15,91,22,21,24,24
365,奇才,2021/2/15,104,29,26,34,15
366,鵜鶘,2021/2/15,112,40,22,27,23
367,活塞,2021/2/15,123,30,34,33,26
368,森林狼,2021/2/15,116,27,27,37,25
369,猛龍,2021/2/15,112,26,32,25,29
370,馬刺,2021/2/15,122,17,47,25,33
371,?蜂,2021/2/15,110,33,26,30,21
372,開拓者,2021/2/15,121,34,24,45,18
373,獨行俠,2021/2/15,118,25,36,30,27
374,雄鹿,2021/2/15,109,24,17,40,28
375,雷霆,2021/2/15,114,24,28,29,33
376,魔術,2021/2/15,90,16,19,25,30
377,太陽,2021/2/15,109,28,24,32,25
378,湖人,2021/2/15,105,33,28,24,20
379,掘金,2021/2/15,122,33,40,30,19
380,灰熊,2021/2/15,124,30,32,37,25
381,國王,2021/2/15,110,22,24,33,31
382,騎士,2021/2/15,111,24,34,30,23
383,快船,2021/2/15,128,32,38,36,22
384,火箭,2021/2/16,119,34,35,20,30
385,奇才,2021/2/16,131,38,34,28,31
386,公牛,2021/2/16,120,24,25,30,26
387,步行者,2021/2/16,112,21,23,26,35
388,老鷹,2021/2/16,112,28,35,27,22
389,尼克斯,2021/2/16,123,39,27,29,28
390,76人,2021/2/16,123,42,24,28,29
391,爵士,2021/2/16,134,35,37,34,28
392,騎士,2021/2/16,98,32,22,30,14
393,勇士,2021/2/16,129,32,32,37,28
394,熱火,2021/2/16,118,35,27,29,27
395,快船,2021/2/16,125,33,34,25,33
396,籃網,2021/2/16,136,36,38,33,29
397,國王,2021/2/16,125,37,31,20,37
398,猛龍,2021/2/19,110,33,25,27,25
399,雄鹿,2021/2/19,96,26,15,31,24
400,籃網,2021/2/19,109,31,33,26,19
401,湖人,2021/2/19,98,24,29,21,24
402,熱火,2021/2/19,118,31,26,32,29
403,國王,2021/2/19,110,21,22,36,31
404,掘金,2021/2/20,120,33,36,26,25
405,騎士,2021/2/20,103,23,27,30,23
406,獨行俠,2021/2/26,97,22,21,25,29
407,76人,2021/2/26,111,23,36,27,25
408,魔術,2021/2/26,92,28,19,25,20
409,籃網,2021/2/26,129,24,41,27,37
410,國王,2021/2/26,121,29,33,32,27
411,尼克斯,2021/2/26,140,38,39,24,39
412,快船,2021/2/26,94,27,26,22,19
413,灰熊,2021/2/26,122,24,37,28,33
414,奇才,2021/2/26,112,26,30,32,24
415,掘金,2021/2/26,110,22,32,34,22
416,鵜鶘,2021/2/26,125,31,37,35,22
417,雄鹿,2021/2/26,129,35,34,34,26
418,火箭,2021/2/27,111,31,28,21,31
419,猛龍,2021/2/27,122,30,37,28,27
420,步行者,2021/2/27,112,31,29,24,28
421,凱爾特人,2021/2/27,118,32,29,31,26
422,國王,2021/2/27,110,35,20,20,35
423,活塞,2021/2/27,107,25,27,28,27
424,爵士,2021/2/27,116,30,23,41,22
425,熱火,2021/2/27,124,26,31,39,28
426,老鷹,2021/2/27,109,33,22,25,29
427,雷霆,2021/2/27,118,31,32,33,22
428,太陽,2021/2/27,106,26,20,28,32
429,公牛,2021/2/27,97,26,32,23,16
430,快船,2021/2/27,119,32,31,27,29
431,灰熊,2021/2/27,99,30,17,25,27
432,?蜂,2021/2/27,121,28,23,33,37
433,勇士,2021/2/27,130,36,30,37,27
434,開拓者,2021/2/27,93,29,28,19,17
435,湖人,2021/2/27,102,24,30,31,17
436,騎士,2021/2/28,112,28,28,16,20
437,76人,2021/2/28,109,23,24,23,22
438,森林狼,2021/2/28,112,29,23,29,31
439,奇才,2021/2/28,128,27,27,44,30
440,鵜鶘,2021/2/28,114,32,29,22,31
441,馬刺,2021/2/28,117,33,34,26,24
442,步行者,2021/2/28,107,32,20,26,29
443,尼克斯,2021/2/28,110,23,31,27,29
444,爵士,2021/2/28,124,22,32,33,37
445,魔術,2021/2/28,109,21,29,26,33
446,掘金,2021/2/28,126,38,27,34,27
447,雷霆,2021/2/28,96,20,23,26,27
448,獨行俠,2021/2/28,115,38,30,26,21
449,籃網,2021/2/28,98,26,38,18,16
450,快船,2021/3/1,100,23,25,33,19
451,雄鹿,2021/3/1,105,27,26,24,28
452,快船,2021/3/5,117,22,39,26,30
453,奇才,2021/3/5,119,25,29,33,32
454,猛龍,2021/3/5,125,34,36,22,33
455,凱爾特人,2021/3/5,132,31,35,35,31
456,活塞,2021/3/5,104,27,19,28,30
457,尼克斯,2021/3/5,114,33,26,34,21
458,掘金,2021/3/5,113,28,33,21,31
459,步行者,2021/3/5,103,29,23,22,29
460,雄鹿,2021/3/5,112,31,30,23,28
461,灰熊,2021/3/5,111,17,34,33,27
462,熱火,2021/3/5,103,31,24,22,26
463,鵜鶘,2021/3/5,93,15,30,25,23
464,雷霆,2021/3/5,107,27,23,31,26
465,馬刺,2021/3/5,102,24,37,23,18
466,國王,2021/3/5,119,27,29,34,29
467,開拓者,2021/3/5,123,30,29,30,34
468,勇士,2021/3/5,98,23,28,22,25
469,太陽,2021/3/5,120,34,28,25,33
470,奇才,2021/3/11,112,26,36,23,27
471,灰熊,2021/3/11,127,35,32,27,33
472,馬刺,2021/3/11,104,32,27,27,18
473,獨行俠,2021/3/11,115,27,25,35,28
474,活塞,2021/3/12,102,22,17,33,30
475,?蜂,2021/3/12,105,30,18,25,32
476,凱爾特人,2021/3/12,109,29,26,31,23
477,籃網,2021/3/12,121,23,35,30,33
478,老鷹,2021/3/12,121,37,27,20,37
479,猛龍,2021/3/12,120,26,33,35,26
480,76人,2021/3/12,127,30,34,33,30
481,公牛,2021/3/12,105,23,34,28,20
482,魔術,2021/3/12,103,32,26,24,21
483,熱火,2021/3/12,111,30,33,19,29
484,尼克斯,2021/3/12,101,27,24,27,23
485,雄鹿,2021/3/12,134,32,36,29,37
486,森林狼,2021/3/12,135,27,40,38,30
487,鵜鶘,2021/3/12,105,34,26,22,23
488,獨行俠,2021/3/12,108,19,28,27,34
489,雷霆,2021/3/12,116,35,27,27,27
490,太陽,2021/3/12,127,30,30,30,37
491,開拓者,2021/3/12,121,33,27,34,27
492,勇士,2021/3/12,104,26,17,25,36
493,快船,2021/3/12,130,28,31,45,26
494,火箭,2021/3/12,105,33,18,30,24
495,國王,2021/3/12,125,35,30,30,30
496,掘金,2021/3/13,103,26,27,28,22
497,灰熊,2021/3/13,102,31,24,22,25
498,76人,2021/3/13,127,32,31,31,33
499,奇才,2021/3/13,101,15,38,23,25
500,騎士,2021/3/13,82,29,19,9,25
501,鵜鶘,2021/3/13,116,34,35,24,23
502,熱火,2021/3/13,101,29,13,28,31
503,公牛,2021/3/13,90,21,21,26,22
504,魔術,2021/3/13,77,29,10,25,13
505,馬刺,2021/3/13,104,16,31,27,30
506,火箭,2021/3/13,99,27,21,31,20
507,爵士,2021/3/13,114,36,29,27,22
508,步行者,2021/3/13,100,28,26,25,21
509,湖人,2021/3/13,105,20,26,25,34
510,尼克斯,2021/3/14,119,22,34,32,31
511,雷霆,2021/3/14,97,31,23,24,19
512,活塞,2021/3/14,95,22,24,20,29
513,籃網,2021/3/14,100,26,25,27,22
514,猛龍,2021/3/14,104,24,28,21,31
515,?蜂,2021/3/14,114,44,23,31,16
516,雄鹿,2021/3/14,125,36,28,30,31
517,奇才,2021/3/14,119,33,32,30,24
518,國王,2021/3/14,106,33,18,30,25
519,老鷹,2021/3/14,121,22,39,37,23
520,開拓者,2021/3/14,125,33,33,27,32
521,森林狼,2021/3/14,121,24,33,37,27
522,步行者,2021/3/14,122,29,33,35,25
523,太陽,2021/3/14,111,33,24,20,34
524,獨行俠,2021/3/14,116,28,34,31,23
525,掘金,2021/3/14,103,29,22,22,30
526,灰熊,2021/3/15,122,31,31,38,22
527,雷霆,2021/3/15,128,28,27,35,38
528,爵士,2021/3/15,119,22,32,32,33
529,勇士,2021/3/15,131,33,34,28,36
530,馬刺,2021/3/15,99,22,30,21,26
531,76人,2021/3/15,134,33,27,46,28
532,熱火,2021/3/15,102,22,26,25,29
533,魔術,2021/3/15,97,19,26,32,20
534,騎士,2021/3/15,82,22,24,20,16
535,老鷹,2021/3/15,100,26,23,20,31
536,凱爾特人,2021/3/15,134,38,28,38,30
537,火箭,2021/3/15,107,34,19,19,35
538,開拓者,2021/3/15,112,20,29,23,40
539,森林狼,2021/3/15,114,24,23,29,38
540,快船,2021/3/15,115,24,33,26,32
541,鵜鶘,2021/3/15,135,36,31,43,25
542,猛龍,2021/3/15,95,22,27,24,22
543,公牛,2021/3/15,118,28,30,27,33
544,雄鹿,2021/3/16,133,32,37,36,28
545,奇才,2021/3/16,122,23,32,34,33
546,國王,2021/3/16,116,37,30,29,20
547,?蜂,2021/3/16,122,32,29,30,31
548,尼克斯,2021/3/16,112,30,25,29,28
549,籃網,2021/3/16,117,35,32,29,21
550,馬刺,2021/3/16,109,24,36,35,14
551,活塞,2021/3/16,99,24,26,25,24
552,快船,2021/3/16,109,31,24,30,24
553,獨行俠,2021/3/16,99,23,27,28,21
554,步行者,2021/3/16,106,32,24,35,15
555,掘金,2021/3/16,121,32,33,22,34
556,灰熊,2021/3/16,99,25,27,25,22
557,太陽,2021/3/16,122,24,36,36,26
558,湖人,2021/3/16,128,29,36,28,35
559,勇士,2021/3/16,97,26,24,23,24
560,爵士,2021/3/17,117,20,34,23,40
561,凱爾特人,2021/3/17,109,22,31,26,30
562,雷霆,2021/3/17,102,28,35,16,23
563,公牛,2021/3/17,123,42,29,31,21
564,老鷹,2021/3/17,119,35,38,20,26
565,火箭,2021/3/17,107,22,36,34,15
566,尼克斯,2021/3/17,96,21,35,26,14
567,76人,2021/3/17,99,20,28,25,26
568,騎士,2021/3/17,98,26,22,28,22
569,熱火,2021/3/17,113,37,25,33,18
570,鵜鶘,2021/3/17,124,34,30,31,29
571,開拓者,2021/3/17,125,28,22,32,43
572,森林狼,2021/3/17,121,30,40,24,27
573,湖人,2021/3/17,137,31,40,31,35
574,籃網,2021/3/18,124,25,33,31,35
575,步行者,2021/3/18,115,40,21,30,24
576,雄鹿,2021/3/18,109,18,13,34,28
577,76人,2021/3/18,105,25,20,29,19
578,國王,2021/3/18,121,34,32,36,19
579,奇才,2021/3/18,119,38,28,27,26
580,猛龍,2021/3/18,112,31,27,23,31
581,活塞,2021/3/18,116,37,26,25,28
582,凱爾特人,2021/3/18,110,18,20,36,36
583,騎士,2021/3/18,117,26,29,27,35
584,勇士,2021/3/18,108,31,37,18,22
585,火箭,2021/3/18,94,27,17,27,23
586,馬刺,2021/3/18,106,17,23,27,39
587,公牛,2021/3/18,99,31,27,22,19
588,?蜂,2021/3/18,104,25,20,22,37
589,掘金,2021/3/18,129,26,31,38,34
590,熱火,2021/3/18,85,22,25,16,22
591,灰熊,2021/3/18,89,25,21,26,17
592,快船,2021/3/18,89,29,22,20,18
593,獨行俠,2021/3/18,105,24,32,21,28
594,爵士,2021/3/19,122,20,26,36,40
595,奇才,2021/3/19,131,31,33,36,31
596,雷霆,2021/3/19,93,21,20,26,26
597,老鷹,2021/3/19,116,31,30,30,25
598,魔術,2021/3/19,93,26,18,22,27
599,尼克斯,2021/3/19,94,24,21,27,22
600,森林狼,2021/3/19,123,25,28,30,40
601,太陽,2021/3/19,119,25,33,33,28
602,鵜鶘,2021/3/19,93,23,25,22,23
603,開拓者,2021/3/19,101,31,26,20,24
604,?蜂,2021/3/19,105,24,21,34,26
605,湖人,2021/3/19,116,31,29,23,33
606,馬刺,2021/3/20,116,25,29,27,35
607,騎士,2021/3/20,110,22,20,24,44
608,國王,2021/3/20,107,28,27,27,25
609,凱爾特人,2021/3/20,96,22,23,36,15
610,步行者,2021/3/20,137,32,36,31,38
611,熱火,2021/3/20,110,30,28,24,28
612,勇士,2021/3/20,116,34,33,24,25
613,灰熊,2021/3/20,103,26,22,24,31
614,籃網,2021/3/20,113,29,33,22,29
615,魔術,2021/3/20,121,35,29,39,18
616,活塞,2021/3/20,113,27,28,29,29
617,火箭,2021/3/20,100,28,23,26,23
618,爵士,2021/3/20,115,23,32,24,36
619,猛龍,2021/3/20,112,27,27,23,35
620,公牛,2021/3/20,127,30,25,34,27
621,掘金,2021/3/20,131,20,27,34,35
622,森林狼,2021/3/20,101,29,25,24,23
623,太陽,2021/3/20,113,34,30,19,30
624,獨行俠,2021/3/20,119,33,27,38,21
625,開拓者,2021/3/20,125,37,27,29,32
626,老鷹,2021/3/21,99,28,24,22,25
627,湖人,2021/3/21,94,25,28,12,29
628,勇士,2021/3/21,103,24,27,28,24
629,灰熊,2021/3/21,111,28,21,33,29
630,國王,2021/3/21,105,21,31,28,25
631,76人,2021/3/21,129,42,31,33,23
632,馬刺,2021/3/21,113,33,17,34,29
633,雄鹿,2021/3/21,120,26,31,31,32
634,?蜂,2021/3/21,98,21,23,32,22
635,快船,2021/3/21,125,37,29,32,27
636,步行者,2021/3/22,109,32,25,22,19
637,熱火,2021/3/22,106,26,23,21,28
638,雷霆,2021/3/22,114,31,35,24,24
639,火箭,2021/3/22,112,22,40,23,27
640,鵜鶘,2021/3/22,113,22,36,25,30
641,掘金,2021/3/22,108,30,21,29,28
642,魔術,2021/3/22,96,31,17,25,23
643,凱爾特人,2021/3/22,112,27,29,33,23
644,奇才,2021/3/22,106,30,26,27,23
645,籃網,2021/3/22,113,25,38,25,25
646,猛龍,2021/3/22,105,28,29,18,30
647,騎士,2021/3/22,116,23,36,32,25
648,公牛,2021/3/22,100,20,26,29,25
649,活塞,2021/3/22,86,25,20,20,21
650,76人,2021/3/22,101,23,20,21,24
651,尼克斯,2021/3/22,100,15,27,22,24
652,湖人,2021/3/22,94,26,18,32,18
653,太陽,2021/3/22,111,31,28,29,23
654,獨行俠,2021/3/22,132,27,38,38,29
655,開拓者,2021/3/22,92,30,24,15,23
656,國王,2021/3/23,119,36,27,27,29
657,騎士,2021/3/23,105,35,24,17,29
658,雷霆,2021/3/23,112,25,32,26,29
659,森林狼,2021/3/23,103,22,28,26,27
660,?蜂,2021/3/23,100,31,24,19,26
661,馬刺,2021/3/23,97,21,24,24,28
662,猛龍,2021/3/23,99,28,32,26,13
663,火箭,2021/3/23,117,27,38,23,29
664,步行者,2021/3/23,113,26,34,34,19
665,雄鹿,2021/3/23,140,48,35,27,30
666,爵士,2021/3/23,120,29,27,33,31
667,公牛,2021/3/23,95,23,19,29,24
668,凱爾特人,2021/3/23,126,30,35,21,31
669,灰熊,2021/3/23,132,24,36,34,23
670,老鷹,2021/3/23,110,29,34,27,20
671,快船,2021/3/23,119,30,18,34,37
672,掘金,2021/3/24,110,30,31,19,30
673,魔術,2021/3/24,99,15,24,30,30
674,奇才,2021/3/24,113,31,18,31,33
675,尼克斯,2021/3/24,131,39,30,39,23
676,湖人,2021/3/24,111,29,17,30,35
677,鵜鶘,2021/3/24,128,32,27,43,26
678,太陽,2021/3/24,110,25,33,27,25
679,熱火,2021/3/24,100,20,23,30,27
680,籃網,2021/3/24,116,37,28,27,24
681,開拓者,2021/3/24,112,41,25,25,21
682,76人,2021/3/24,108,35,24,21,28
683,勇士,2021/3/24,98,17,28,40,13
684,活塞,2021/3/25,111,24,27,28,32
685,步行者,2021/3/25,116,21,36,29,30
686,凱爾特人,2021/3/25,119,30,29,27,33
687,雄鹿,2021/3/25,121,35,35,30,21
688,掘金,2021/3/25,111,30,24,27,30
689,猛龍,2021/3/25,135,38,34,26,37
690,騎士,2021/3/25,103,25,28,25,25
691,公牛,2021/3/25,94,25,30,17,22
692,灰熊,2021/3/25,116,26,23,33,34
693,雷霆,2021/3/25,107,21,32,20,34
694,太陽,2021/3/25,111,32,27,32,20
695,魔術,2021/3/25,112,24,35,27,26
696,?蜂,2021/3/25,122,26,32,35,29
697,火箭,2021/3/25,97,26,29,15,27
698,獨行俠,2021/3/25,128,30,26,32,40
699,森林狼,2021/3/25,108,33,22,18,35
700,快船,2021/3/25,134,41,26,35,32
701,馬刺,2021/3/25,101,29,24,31,17
702,籃網,2021/3/25,88,17,21,23,27
703,爵士,2021/3/25,118,38,25,27,28
704,老鷹,2021/3/25,108,27,30,17,34
705,國王,2021/3/25,110,29,28,28,25
706,奇才,2021/3/26,102,25,35,18,24
707,尼克斯,2021/3/26,106,20,25,22,39
708,開拓者,2021/3/26,125,31,28,32,34
709,熱火,2021/3/26,122,24,34,33,31
710,快船,2021/3/26,98,30,19,23,26
711,馬刺,2021/3/26,85,27,28,13,17
712,勇士,2021/3/26,119,37,24,25,33
713,國王,2021/3/26,141,35,37,34,35
714,76人,2021/3/26,109,27,27,35,20
715,湖人,2021/3/26,101,24,30,17,30
716,籃網,2021/3/27,113,34,25,23,31
717,活塞,2021/3/27,111,27,23,28,33
718,太陽,2021/3/27,104,29,24,30,21
719,猛龍,2021/3/27,100,28,23,26,23
720,凱爾特人,2021/3/27,122,32,28,43,19
721,雄鹿,2021/3/27,114,26,29,34,25
722,開拓者,2021/3/27,112,35,30,15,32
723,魔術,2021/3/27,105,32,23,22,28
724,熱火,2021/3/27,105,23,26,30,26
725,?蜂,2021/3/27,110,40,32,20,18
726,掘金,2021/3/27,113,26,28,31,28
727,鵜鶘,2021/3/27,108,33,30,23,22
728,火箭,2021/3/27,101,29,34,28,10
729,森林狼,2021/3/27,107,33,21,22,31
730,步行者,2021/3/27,109,31,30,21,27
731,獨行俠,2021/3/27,94,29,19,27,19
732,灰熊,2021/3/27,114,24,26,29,35
733,爵士,2021/3/27,117,38,28,22,29
734,老鷹,2021/3/27,124,33,37,30,24
735,勇士,2021/3/27,108,26,26,32,24
736,騎士,2021/3/27,86,24,27,10,25
737,湖人,2021/3/27,100,22,22,28,28
738,尼克斯,2021/3/28,102,32,25,24,21
739,雄鹿,2021/3/28,96,25,29,23,19
740,活塞,2021/3/28,92,22,19,34,17
741,奇才,2021/3/28,106,33,35,11,27
742,火箭,2021/3/28,129,41,33,24,31
743,森林狼,2021/3/28,107,29,19,30,29
744,公牛,2021/3/28,104,20,19,34,31
745,馬刺,2021/3/28,120,33,32,31,24
746,灰熊,2021/3/28,110,19,34,29,28
747,爵士,2021/3/28,126,39,31,30,26
748,獨行俠,2021/3/28,103,20,33,25,25
749,鵜鶘,2021/3/28,112,35,18,27,32
750,凱爾特人,2021/3/28,111,21,26,29,35
751,雷霆,2021/3/28,94,25,27,28,14
752,76人,2021/3/28,112,30,30,24,28
753,快船,2021/3/28,122,29,36,32,25
754,騎士,2021/3/28,98,29,19,26,24
755,國王,2021/3/28,100,31,18,22,29
756,太陽,2021/3/29,101,26,23,27,14
757,?蜂,2021/3/29,97,29,20,18,23
758,開拓者,2021/3/29,122,32,36,23,31
759,猛龍,2021/3/29,117,41,33,10,33
760,老鷹,2021/3/29,102,35,20,24,23
761,掘金,2021/3/29,126,31,34,32,29
762,魔術,2021/3/29,93,21,18,30,24
763,湖人,2021/3/29,96,22,22,25,27
764,步行者,2021/3/30,124,28,30,34,32
765,奇才,2021/3/30,132,24,33,38,37
766,鵜鶘,2021/3/30,115,32,32,24,27
767,凱爾特人,2021/3/30,109,27,28,26,28
768,熱火,2021/3/30,98,21,15,39,23
769,尼克斯,2021/3/30,88,16,27,21,24
770,森林狼,2021/3/30,107,25,27,25,30
771,籃網,2021/3/30,112,37,24,26,25
772,獨行俠,2021/3/30,127,33,38,29,27
773,雷霆,2021/3/30,106,24,39,20,23
774,猛龍,2021/3/30,104,27,23,25,29
775,活塞,2021/3/30,118,35,31,26,26
776,灰熊,2021/3/30,120,23,34,33,30
777,火箭,2021/3/30,110,27,30,34,19
778,國王,2021/3/30,132,27,41,29,35
779,馬刺,2021/3/30,115,31,29,31,24
780,騎士,2021/3/30,75,18,16,18,23
781,爵士,2021/3/30,114,27,26,37,24
782,雄鹿,2021/3/30,105,38,17,31,19
783,快船,2021/3/30,129,26,31,39,33
784,公牛,2021/3/30,102,29,31,25,17
785,勇士,2021/3/30,116,34,31,31,20
786,?蜂,2021/3/31,114,32,32,25,25
787,奇才,2021/3/31,104,29,27,25,23
788,76人,2021/3/31,95,22,23,26,24
789,掘金,2021/3/31,104,44,24,20,16
790,魔術,2021/3/31,103,13,24,33,33
791,快船,2021/3/31,96,26,25,22,23
792,老鷹,2021/3/31,110,27,25,33,25
793,太陽,2021/3/31,117,30,34,25,28
794,開拓者,2021/4/1,124,31,20,36,37
795,活塞,2021/4/1,101,33,19,27,22
796,熱火,2021/4/1,92,23,20,22,27
797,步行者,2021/4/1,87,28,17,22,20
798,火箭,2021/4/1,108,42,26,19,21
799,籃網,2021/4/1,120,29,28,29,34
800,獨行俠,2021/4/1,113,30,34,26,23
801,凱爾特人,2021/4/1,108,25,20,28,35
802,猛龍,2021/4/1,103,32,35,22,14
803,雷霆,2021/4/1,113,30,29,28,26
804,尼克斯,2021/4/1,101,26,25,30,20
805,森林狼,2021/4/1,102,19,31,20,32
806,爵士,2021/4/1,111,29,28,18,36
807,灰熊,2021/4/1,107,28,21,27,31
808,國王,2021/4/1,106,27,26,29,24
809,馬刺,2021/4/1,120,33,36,28,23
810,雄鹿,2021/4/1,112,24,33,32,23
811,湖人,2021/4/1,97,30,19,26,22
812,公牛,2021/4/1,116,37,21,28,30
813,太陽,2021/4/1,121,39,28,27,27
814,76人,2021/4/2,114,31,27,27,29
815,騎士,2021/4/2,94,31,25,17,21
816,奇才,2021/4/2,91,22,22,24,23
817,活塞,2021/4/2,120,32,31,24,33
818,?蜂,2021/4/2,89,11,37,17,24
819,籃網,2021/4/2,111,32,36,24,19
820,勇士,2021/4/2,109,24,30,27,28
821,熱火,2021/4/2,116,23,36,27,30
822,魔術,2021/4/2,115,27,25,19,30
823,鵜鶘,2021/4/2,110,26,19,31,25
824,老鷹,2021/4/2,134,32,22,30,26
825,馬刺,2021/4/2,129,22,26,32,30
826,掘金,2021/4/2,101,31,31,19,20
827,快船,2021/4/2,94,20,29,21,24
828,勇士,2021/4/3,77,26,16,14,21
829,猛龍,2021/4/3,130,27,35,46,22
830,火箭,2021/4/3,102,25,19,26,32
831,凱爾特人,2021/4/3,118,33,19,30,36
832,獨行俠,2021/4/3,99,22,27,23,27
833,尼克斯,2021/4/3,86,25,21,23,17
834,森林狼,2021/4/3,108,28,38,18,24
835,灰熊,2021/4/3,120,30,38,24,28
836,?蜂,2021/4/3,114,28,32,24,30
837,步行者,2021/4/3,97,24,25,27,21
838,老鷹,2021/4/3,126,28,27,39,32
839,鵜鶘,2021/4/3,103,34,20,25,24
840,公牛,2021/4/3,106,25,24,24,33
841,爵士,2021/4/3,113,26,32,30,25
842,湖人,2021/4/3,115,29,36,26,24
843,國王,2021/4/3,94,27,26,23,18
844,雷霆,2021/4/3,103,13,37,26,27
845,太陽,2021/4/3,140,43,30,30,37
846,雄鹿,2021/4/3,127,34,26,37,30
847,開拓者,2021/4/3,109,21,32,20,36
848,獨行俠,2021/4/4,109,24,28,23,34
849,奇才,2021/4/4,87,19,28,20,20
850,尼克斯,2021/4/4,125,41,19,28,37
851,活塞,2021/4/4,81,15,26,20,20
852,騎士,2021/4/4,101,27,27,19,28
853,熱火,2021/4/4,115,36,31,17,31
854,森林狼,2021/4/4,113,29,31,23,30
855,76人,2021/4/4,122,26,38,33,25
856,魔術,2021/4/4,91,20,20,32,19
857,爵士,2021/4/4,137,38,40,29,30
858,步行者,2021/4/4,139,32,35,31,28
859,馬刺,2021/4/4,133,33,26,38,29
860,雄鹿,2021/4/4,129,31,30,38,30
861,國王,2021/4/4,128,28,29,34,37
862,雷霆,2021/4/4,85,19,27,13,26
863,開拓者,2021/4/4,133,35,30,39,29
864,籃網,2021/4/5,107,28,18,26,35
865,公牛,2021/4/5,115,25,32,32,26
866,湖人,2021/4/5,86,20,18,17,31
867,快船,2021/4/5,104,27,26,24,27
868,?蜂,2021/4/5,86,26,17,27,16
869,凱爾特人,2021/4/5,116,25,33,40,18
870,灰熊,2021/4/5,116,29,23,45,19
871,76人,2021/4/5,100,22,20,29,29
872,勇士,2021/4/5,111,24,35,23,29
873,老鷹,2021/4/5,117,24,33,22,38
874,鵜鶘,2021/4/5,122,38,32,19,33
875,火箭,2021/4/5,115,27,32,33,23
876,魔術,2021/4/5,109,29,36,21,23
877,掘金,2021/4/5,119,23,24,38,34
878,尼克斯,2021/4/6,112,34,33,21,24
879,籃網,2021/4/6,114,31,26,32,25
880,騎士,2021/4/6,125,28,29,43,25
881,馬刺,2021/4/6,101,26,21,33,21
882,奇才,2021/4/6,101,28,33,25,15
883,猛龍,2021/4/6,103,19,32,24,28
884,國王,2021/4/6,106,29,26,27,24
885,森林狼,2021/4/6,116,26,29,27,34
886,活塞,2021/4/6,132,30,28,35,39
887,雷霆,2021/4/6,108,19,28,30,31
888,爵士,2021/4/6,103,25,17,27,34
889,獨行俠,2021/4/6,111,27,23,37,24
890,太陽,2021/4/6,133,34,36,31,32
891,火箭,2021/4/6,130,34,26,32,38
892,公牛,2021/4/7,113,30,32,35,16
893,步行者,2021/4/7,97,28,21,25,23
894,76人,2021/4/7,106,25,34,26,21
895,凱爾特人,2021/4/7,96,24,22,24,26
896,湖人,2021/4/7,110,40,28,22,20
897,猛龍,2021/4/7,101,28,14,28,31
898,鵜鶘,2021/4/7,107,29,32,29,17
899,老鷹,2021/4/7,123,25,36,46,16
900,灰熊,2021/4/7,124,37,26,33,28
901,熱火,2021/4/7,112,34,23,32,23
902,活塞,2021/4/7,119,32,24,30,33
903,掘金,2021/4/7,134,39,37,33,25
904,雄鹿,2021/4/7,121,26,24,38,33
905,勇士,2021/4/7,122,28,25,30,39
906,開拓者,2021/4/7,116,32,34,23,27
907,快船,2021/4/7,133,47,26,28,32
908,森林狼,2021/4/8,137,31,25,38,43
909,步行者,2021/4/8,141,35,42,32,32
910,奇才,2021/4/8,131,34,39,27,31
911,魔術,2021/4/8,116,33,27,30,26
912,鵜鶘,2021/4/8,111,33,26,23,29
913,籃網,2021/4/8,139,36,43,36,24
914,尼克斯,2021/4/8,99,19,27,27,26
915,凱爾特人,2021/4/8,101,21,26,23,31
916,獨行俠,2021/4/8,93,23,19,22,29
917,火箭,2021/4/8,102,24,23,28,27
918,灰熊,2021/4/8,131,29,38,43,21
919,老鷹,2021/4/8,113,34,30,23,26
920,?蜂,2021/4/8,113,32,24,29,28
921,雷霆,2021/4/8,102,29,22,26,25
922,馬刺,2021/4/8,96,32,18,24,22
923,掘金,2021/4/8,106,30,24,27,25
924,爵士,2021/4/8,113,21,19,38,24
925,太陽,2021/4/8,117,20,31,26,25
926,公牛,2021/4/9,122,33,31,33,25
927,猛龍,2021/4/9,113,27,24,28,34
928,湖人,2021/4/9,104,27,29,24,24
929,熱火,2021/4/9,110,32,22,29,27
930,騎士,2021/4/9,129,38,27,28,36
931,雷霆,2021/4/9,102,38,23,14,27
932,雄鹿,2021/4/9,101,31,25,28,17
933,獨行俠,2021/4/9,116,29,26,25,36
934,活塞,2021/4/9,113,27,35,27,24
935,國王,2021/4/9,101,23,21,30,27
936,開拓者,2021/4/9,103,29,27,19,28
937,爵士,2021/4/9,122,30,23,40,29
938,太陽,2021/4/9,103,23,33,25,22
939,快船,2021/4/9,113,27,27,29,30
940,步行者,2021/4/10,111,33,31,19,28
941,魔術,2021/4/10,106,30,21,27,28
942,灰熊,2021/4/10,129,35,25,30,24
943,尼克斯,2021/4/10,133,23,28,32,31
944,森林狼,2021/4/10,136,39,27,31,27
945,凱爾特人,2021/4/10,145,25,32,35,32
946,公牛,2021/4/10,108,33,33,18,24
947,老鷹,2021/4/10,120,25,28,33,34
948,76人,2021/4/10,94,22,28,18,26
949,鵜鶘,2021/4/10,101,23,27,26,25
950,?蜂,2021/4/10,127,32,34,34,27
951,雄鹿,2021/4/10,119,27,28,26,38
952,馬刺,2021/4/10,119,26,24,33,36
953,掘金,2021/4/10,121,36,25,35,25
954,奇才,2021/4/10,110,32,25,28,25
955,勇士,2021/4/10,107,23,27,29,28
956,火箭,2021/4/10,109,36,10,37,26
957,快船,2021/4/10,126,26,41,27,32
958,猛龍,2021/4/11,135,47,40,13,35
959,騎士,2021/4/11,115,26,28,29,32
960,湖人,2021/4/11,126,33,28,31,34
961,籃網,2021/4/11,101,25,33,19,24
962,國王,2021/4/11,112,31,34,24,23
963,爵士,2021/4/11,128,34,25,36,33
964,76人,2021/4/11,117,37,29,24,27
965,雷霆,2021/4/11,93,25,28,23,17
966,活塞,2021/4/11,103,23,27,26,27
967,開拓者,2021/4/11,118,33,26,36,23
968,奇才,2021/4/11,106,29,26,24,27
969,太陽,2021/4/11,134,27,30,44,33
970,火箭,2021/4/11,109,30,18,32,29
971,勇士,2021/4/11,125,32,33,29,31
972,老鷹,2021/4/12,105,33,19,23,30
973,?蜂,2021/4/12,101,20,25,32,24
974,凱爾特人,2021/4/12,105,16,29,29,31
975,掘金,2021/4/12,87,27,24,28,8
976,雄鹿,2021/4/12,124,32,25,28,39
977,魔術,2021/4/12,87,19,19,29,20
978,鵜鶘,2021/4/12,116,29,33,28,26
979,騎士,2021/4/12,109,39,29,26,15
980,猛龍,2021/4/12,96,16,26,34,20
981,尼克斯,2021/4/12,102,27,29,22,24
982,步行者,2021/4/12,132,45,29,32,26
983,灰熊,2021/4/12,125,31,32,34,28
984,公牛,2021/4/12,117,26,29,32,30
985,森林狼,2021/4/12,121,29,37,25,30
986,馬刺,2021/4/12,119,26,25,37,31
987,獨行俠,2021/4/12,117,26,30,33,28
988,熱火,2021/4/12,107,25,31,33,18
989,開拓者,2021/4/12,98,31,17,23,27
990,活塞,2021/4/12,124,35,27,37,25
991,快船,2021/4/12,131,30,33,31,37
992,湖人,2021/4/13,96,28,24,16,28
993,尼克斯,2021/4/13,111,26,29,26,30
994,76人,2021/4/13,113,30,30,28,25
995,獨行俠,2021/4/13,95,26,22,21,26
996,馬刺,2021/4/13,120,28,32,29,31
997,魔術,2021/4/13,97,16,21,24,36
998,雄鹿,2021/4/16,120,33,31,30,26
999,老鷹,2021/4/16,109,29,23,30,27
1000,勇士,2021/4/16,119,28,35,26,30
1001,騎士,2021/4/16,101,31,21,27,22
1002,國王,2021/4/16,114,28,37,29,20
1003,太陽,2021/4/16,122,33,34,28,27
1004,凱爾特人,2021/4/16,121,31,30,30,30
1005,湖人,2021/4/16,113,23,25,31,34
1006,步行者,2021/4/17,111,32,37,20,22
1007,爵士,2021/4/17,119,24,32,33,30
1008,雷霆,2021/4/17,104,32,24,23,25
1009,活塞,2021/4/17,110,25,31,30,24
1010,鵜鶘,2021/4/17,115,29,32,28,16
1011,奇才,2021/4/17,117,30,32,24,19
1012,快船,2021/4/17,103,20,27,30,26
1013,76人,2021/4/17,106,31,28,22,25
1014,魔術,2021/4/17,102,24,27,19,32
1015,猛龍,2021/4/17,113,24,23,38,28
1016,?蜂,2021/4/17,115,35,26,28,26
1017,籃網,2021/4/17,130,29,32,33,36
1018,掘金,2021/4/17,128,35,34,31,28
1019,火箭,2021/4/17,99,28,21,30,20
1020,灰熊,2021/4/17,126,33,24,37,32
1021,公牛,2021/4/17,115,33,24,28,30
1022,熱火,2021/4/17,111,37,24,32,18
1023,森林狼,2021/4/17,119,26,35,27,31
1024,開拓者,2021/4/17,107,28,20,35,24
1025,馬刺,2021/4/17,106,31,26,28,21
1026,尼克斯,2021/4/17,117,34,22,27,34
1027,獨行俠,2021/4/17,109,25,27,27,30
1028,爵士,2021/4/18,115,35,27,20,28
1029,湖人,2021/4/18,127,34,31,29,16
1030,騎士,2021/4/18,96,24,25,21,26
1031,公牛,2021/4/18,106,29,18,33,26
1032,活塞,2021/4/18,100,27,28,25,20
1033,奇才,2021/4/18,121,27,34,32,28
1034,勇士,2021/4/18,114,33,33,23,25
1035,凱爾特人,2021/4/18,119,24,36,29,30
1036,灰熊,2021/4/18,128,35,34,31,28
1037,雄鹿,2021/4/18,115,31,28,30,26
1038,馬刺,2021/4/18,111,28,36,23,24
1039,太陽,2021/4/18,85,19,26,23,17
1040,鵜鶘,2021/4/19,112,25,19,35,24
1041,尼克斯,2021/4/19,122,21,36,22,24
1042,步行者,2021/4/19,117,23,34,33,27
1043,老鷹,2021/4/19,129,35,31,28,35
1044,籃網,2021/4/19,107,31,29,24,23
1045,熱火,2021/4/19,109,32,32,22,23
1046,開拓者,2021/4/19,101,24,27,21,29
1047,?蜂,2021/4/19,109,44,21,28,16
1048,火箭,2021/4/19,114,28,25,32,29
1049,魔術,2021/4/19,110,28,31,18,33
1050,雷霆,2021/4/19,106,31,28,21,26
1051,猛龍,2021/4/19,112,28,24,29,31
1052,國王,2021/4/19,121,22,45,20,34
1053,獨行俠,2021/4/19,107,20,30,27,30
1054,森林狼,2021/4/19,105,26,27,16,36
1055,快船,2021/4/19,124,29,43,32,20
1056,騎士,2021/4/20,105,22,31,23,29
1057,活塞,2021/4/20,109,37,25,22,25
1058,勇士,2021/4/20,107,24,31,20,32
1059,76人,2021/4/20,96,24,31,15,26
1060,公牛,2021/4/20,102,24,18,32,28
1061,凱爾特人,2021/4/20,96,30,18,18,30
1062,太陽,2021/4/20,128,24,31,28,33
1063,雄鹿,2021/4/20,127,25,29,36,26
1064,火箭,2021/4/20,91,28,27,19,17
1065,熱火,2021/4/20,113,30,24,35,24
1066,馬刺,2021/4/20,109,36,19,27,27
1067,步行者,2021/4/20,94,21,23,22,28
1068,雷霆,2021/4/20,107,25,33,21,28
1069,奇才,2021/4/20,119,38,26,24,31
1070,灰熊,2021/4/20,137,35,25,35,21
1071,掘金,2021/4/20,139,27,29,31,29
1072,爵士,2021/4/20,111,29,23,33,26
1073,湖人,2021/4/20,97,23,19,23,32
1074,魔術,2021/4/21,96,24,24,24,24
1075,老鷹,2021/4/21,112,27,38,15,32
1076,?蜂,2021/4/21,97,33,33,16,15
1077,尼克斯,2021/4/21,109,30,30,31,18
1078,籃網,2021/4/21,134,26,31,36,41
1079,鵜鶘,2021/4/21,129,29,30,33,37
1080,快船,2021/4/21,113,30,26,30,27
1081,開拓者,2021/4/21,112,31,29,22,30
1082,森林狼,2021/4/21,134,39,35,25,35
1083,國王,2021/4/21,120,43,31,29,17
1084,勇士,2021/4/22,114,20,38,35,21
1085,奇才,2021/4/22,118,38,22,26,32
1086,公牛,2021/4/22,105,12,32,28,33
1087,騎士,2021/4/22,121,34,27,38,22
1088,雷霆,2021/4/22,116,28,29,29,30
1089,步行者,2021/4/22,122,34,33,26,29
1090,太陽,2021/4/22,116,28,26,23,39
1091,76人,2021/4/22,113,29,25,22,37
1092,籃網,2021/4/22,103,36,22,23,22
1093,猛龍,2021/4/22,114,23,33,36,22
1094,爵士,2021/4/22,112,34,27,30,21
1095,火箭,2021/4/22,89,27,16,20,26
1096,老鷹,2021/4/22,127,39,30,28,25
1097,尼克斯,2021/4/22,137,34,33,23,32
1098,活塞,2021/4/22,117,36,22,32,27
1099,獨行俠,2021/4/22,127,33,34,33,27
1100,熱火,2021/4/22,107,27,24,26,30
1101,馬刺,2021/4/22,87,27,26,19,15
1102,灰熊,2021/4/22,105,39,23,20,23
1103,快船,2021/4/22,117,24,29,34,30
1104,森林狼,2021/4/22,125,34,25,39,27
1105,國王,2021/4/22,128,44,26,25,33
1106,掘金,2021/4/22,106,35,25,22,24
1107,開拓者,2021/4/22,105,36,21,27,21
1108,太陽,2021/4/23,86,21,16,28,21
1109,凱爾特人,2021/4/23,99,26,27,24,22
1110,鵜鶘,2021/4/23,135,29,45,34,27
1111,魔術,2021/4/23,100,27,25,18,30
1112,76人,2021/4/23,117,26,34,27,30
1113,雄鹿,2021/4/23,124,40,37,31,16
1114,活塞,2021/4/23,91,25,22,23,21
1115,馬刺,2021/4/23,106,26,31,25,24
1116,?蜂,2021/4/23,91,23,21,23,24
1117,公牛,2021/4/23,108,34,24,30,20
1118,湖人,2021/4/23,110,26,25,39,20
1119,獨行俠,2021/4/23,115,31,31,32,21
1120,凱爾特人,2021/4/24,104,25,26,22,31
1121,籃網,2021/4/24,109,21,39,28,21
1122,熱火,2021/4/24,103,30,31,28,14
1123,老鷹,2021/4/24,118,31,31,33,23
1124,快船,2021/4/24,109,37,28,11,33
1125,火箭,2021/4/24,104,36,25,19,24
1126,騎士,2021/4/24,102,20,35,23,24
1127,?蜂,2021/4/24,108,22,26,30,30
1128,奇才,2021/4/24,129,36,34,30,29
1129,雷霆,2021/4/24,109,35,33,22,19
1130,灰熊,2021/4/24,130,28,34,38,30
1131,開拓者,2021/4/24,128,23,33,43,29
1132,掘金,2021/4/24,97,24,26,24,23
1133,勇士,2021/4/24,118,30,24,32,32
1134,猛龍,2021/4/25,103,26,33,24,20
1135,尼克斯,2021/4/25,120,30,34,24,32
1136,76人,2021/4/25,94,17,23,23,31
1137,雄鹿,2021/4/25,132,26,24,36,46
1138,活塞,2021/4/25,109,25,36,21,27
1139,步行者,2021/4/25,115,35,23,26,31
1140,馬刺,2021/4/25,110,31,30,24,25
1141,鵜鶘,2021/4/25,108,24,28,32,24
1142,公牛,2021/4/25,101,18,23,22,38
1143,熱火,2021/4/25,106,33,28,19,26
1144,湖人,2021/4/25,93,26,32,21,14
1145,獨行俠,2021/4/25,108,23,23,33,29
1146,森林狼,2021/4/25,101,26,26,30,19
1147,爵士,2021/4/25,96,40,18,16,22
1148,火箭,2021/4/25,116,26,24,32,34
1149,掘金,2021/4/25,129,36,36,30,27
1150,凱爾特人,2021/4/26,104,23,29,36,16
1151,?蜂,2021/4/26,125,33,30,37,25
1152,太陽,2021/4/26,119,32,29,31,27
1153,籃網,2021/4/26,128,27,32,38,31
1154,灰熊,2021/4/26,120,23,35,32,30
1155,開拓者,2021/4/26,113,20,27,31,35
1156,騎士,2021/4/26,110,32,28,33,17
1157,奇才,2021/4/26,119,27,36,24,32
1158,雄鹿,2021/4/26,104,29,22,27,26
1159,老鷹,2021/4/26,111,26,17,27,41
1160,步行者,2021/4/26,131,36,26,41,28
1161,魔術,2021/4/26,112,25,32,20,35
1162,國王,2021/4/26,113,39,26,27,21
1163,勇士,2021/4/26,117,32,31,31,23
1164,老鷹,2021/4/27,86,23,21,23,19
1165,活塞,2021/4/27,100,27,28,19,26
1166,馬刺,2021/4/27,146,38,27,30,38
1167,奇才,2021/4/27,143,34,28,33,38
1168,湖人,2021/4/27,114,28,22,29,35
1169,魔術,2021/4/27,103,16,40,24,23
1170,雷霆,2021/4/27,90,26,19,21,24
1171,76人,2021/4/27,121,34,26,33,28
1172,騎士,2021/4/27,96,23,25,22,26
1173,猛龍,2021/4/27,112,33,16,32,31
1174,太陽,2021/4/27,118,29,27,31,31
1175,尼克斯,2021/4/27,110,36,27,24,23
1176,公牛,2021/4/27,110,20,32,24,34
1177,熱火,2021/4/27,102,26,27,29,20
1178,爵士,2021/4/27,104,33,14,23,34
1179,森林狼,2021/4/27,105,17,32,34,22
1180,快船,2021/4/27,103,20,28,30,25
1181,鵜鶘,2021/4/27,120,33,29,33,25
1182,灰熊,2021/4/27,96,18,35,22,21
1183,掘金,2021/4/27,120,21,37,27,35
1184,獨行俠,2021/4/27,106,17,35,33,21
1185,國王,2021/4/27,113,31,28,28,26
1186,開拓者,2021/4/28,133,34,39,40,20
1187,步行者,2021/4/28,112,35,27,16,34
1188,雄鹿,2021/4/28,114,33,29,25,27
1189,?蜂,2021/4/28,104,28,17,35,24
1190,雷霆,2021/4/28,119,29,26,23,41
1191,凱爾特人,2021/4/28,115,24,25,29,37
1192,籃網,2021/4/28,116,26,30,24,36
1193,猛龍,2021/4/28,103,28,24,31,20
1194,森林狼,2021/4/28,114,28,31,19,36
1195,火箭,2021/4/28,107,23,27,29,28
1196,獨行俠,2021/4/28,133,36,26,41,30
1197,勇士,2021/4/28,103,12,17,35,39
1198,魔術,2021/4/29,109,26,24,32,27
1199,騎士,2021/4/29,104,16,28,17,43
1200,老鷹,2021/4/29,83,17,22,24,20
1201,76人,2021/4/29,127,37,30,26,34
1202,湖人,2021/4/29,107,35,20,22,30
1203,奇才,2021/4/29,116,31,30,29,26
1204,公牛,2021/4/29,94,19,29,27,19
1205,尼克斯,2021/4/29,113,32,20,24,37
1206,?蜂,2021/4/29,111,19,28,33,31
1207,凱爾特人,2021/4/29,120,39,19,30,32
1208,馬刺,2021/4/29,111,20,34,20,37
1209,熱火,2021/4/29,116,31,24,27,34
1210,開拓者,2021/4/29,130,38,36,28,28
1211,灰熊,2021/4/29,109,23,23,37,26
1212,鵜鶘,2021/4/29,112,25,26,27,34
1213,掘金,2021/4/29,114,35,25,27,27
1214,爵士,2021/4/29,154,30,46,40,38
1215,國王,2021/4/29,105,27,17,30,31
1216,快船,2021/4/29,101,31,22,27,21
1217,太陽,2021/4/29,109,39,24,23,23
1218,獨行俠,2021/4/30,115,26,34,26,29
1219,活塞,2021/4/30,105,26,28,29,22
1220,籃網,2021/4/30,130,35,31,45,19
1221,步行者,2021/4/30,113,28,24,41,20
1222,雄鹿,2021/4/30,136,38,35,25,38
1223,火箭,2021/4/30,143,29,36,39,39
1224,勇士,2021/4/30,114,25,33,33,23
1225,森林狼,2021/4/30,126,35,25,29,37
1226,猛龍,2021/4/30,111,33,24,28,26
1227,掘金,2021/4/30,121,30,29,28,34
1228,鵜鶘,2021/4/30,109,31,29,19,30
1229,雷霆,2021/4/30,95,20,23,25,27
1230,老鷹,2021/5/1,104,26,20,31,27
1231,76人,2021/5/1,126,23,42,29,32
1232,馬刺,2021/5/1,140,39,38,26,25
1233,凱爾特人,2021/5/1,143,16,32,42,38
1234,奇才,2021/5/1,122,35,23,33,31
1235,騎士,2021/5/1,93,30,22,16,25
1236,魔術,2021/5/1,75,20,23,15,17
1237,灰熊,2021/5/1,92,19,20,36,17
1238,開拓者,2021/5/1,128,23,36,35,34
1239,籃網,2021/5/1,109,25,32,24,28
1240,雄鹿,2021/5/1,108,28,24,28,28
1241,公牛,2021/5/1,98,16,28,19,35
1242,爵士,2021/5/1,100,23,29,20,28
1243,太陽,2021/5/1,121,39,29,28,25
1244,國王,2021/5/1,110,30,25,23,32
1245,湖人,2021/5/1,106,23,33,32,18
1246,活塞,2021/5/2,94,18,24,28,24
1247,?蜂,2021/5/2,107,26,32,21,28
1248,勇士,2021/5/2,113,22,27,39,25
1249,火箭,2021/5/2,87,24,31,12,20
1250,步行者,2021/5/2,152,42,40,44,26
1251,雷霆,2021/5/2,95,29,17,24,25
1252,熱火,2021/5/2,124,29,38,32,25
1253,騎士,2021/5/2,107,36,24,26,21
1254,灰熊,2021/5/2,111,36,24,25,26
1255,魔術,2021/5/2,112,29,17,30,36
1256,鵜鶘,2021/5/2,140,38,27,33,25
1257,森林狼,2021/5/2,136,30,35,32,26
1258,公牛,2021/5/2,97,26,37,12,22
1259,老鷹,2021/5/2,108,31,23,28,26
1260,奇才,2021/5/2,124,26,39,32,27
1261,獨行俠,2021/5/2,125,38,32,19,36
1262,掘金,2021/5/2,110,27,25,31,27
1263,快船,2021/5/2,104,28,19,26,31
1264,猛龍,2021/5/2,102,33,29,27,13
1265,爵士,2021/5/2,106,29,27,29,21
1266,籃網,2021/5/3,114,37,22,31,24
1267,雄鹿,2021/5/3,117,28,34,28,27
1268,開拓者,2021/5/3,129,34,37,32,26
1269,凱爾特人,2021/5/3,119,32,39,27,21
1270,尼克斯,2021/5/3,122,34,25,34,29
1271,火箭,2021/5/3,97,24,20,27,26
1272,太陽,2021/5/3,123,27,37,34,25
1273,雷霆,2021/5/3,120,33,24,28,35
1274,國王,2021/5/3,111,36,25,26,24
1275,獨行俠,2021/5/3,99,26,28,18,27
1276,76人,2021/5/3,113,37,24,28,18
1277,馬刺,2021/5/3,111,27,25,27,28
1278,熱火,2021/5/3,121,35,30,35,21
1279,?蜂,2021/5/3,111,32,26,22,31
1280,猛龍,2021/5/3,121,32,40,27,22
1281,湖人,2021/5/3,114,38,21,25,30
1282,步行者,2021/5/4,141,31,35,36,39
1283,奇才,2021/5/4,154,36,46,40,32
1284,魔術,2021/5/4,119,21,30,37,31
1285,活塞,2021/5/4,112,26,22,30,34
1286,勇士,2021/5/4,123,39,27,29,28
1287,鵜鶘,2021/5/4,108,21,33,26,28
1288,開拓者,2021/5/4,114,31,31,33,19
1289,老鷹,2021/5/4,123,32,36,34,21
1290,76人,2021/5/4,106,34,26,23,23
1291,公牛,2021/5/4,94,20,23,20,31
1292,尼克斯,2021/5/4,118,25,44,28,21
1293,灰熊,2021/5/4,104,22,36,22,24
1294,馬刺,2021/5/4,99,22,21,29,27
1295,爵士,2021/5/4,110,31,29,29,21
1296,掘金,2021/5/4,89,24,18,23,24
1297,湖人,2021/5/4,93,20,25,25,23
1298,太陽,2021/5/5,134,30,29,31,24
1299,騎士,2021/5/5,118,24,29,35,26
1300,?蜂,2021/5/5,102,30,23,25,24
1301,活塞,2021/5/5,99,28,21,23,27
1302,籃網,2021/5/5,118,33,25,36,24
1303,雄鹿,2021/5/5,124,34,32,26,32
1304,獨行俠,2021/5/5,127,30,33,35,29
1305,熱火,2021/5/5,113,39,15,23,36
1306,國王,2021/5/5,103,25,31,25,22
1307,雷霆,2021/5/5,99,20,26,23,30
1308,勇士,2021/5/5,103,34,23,22,24
1309,鵜鶘,2021/5/5,108,32,24,19,33
1310,猛龍,2021/5/5,100,30,24,28,18
1311,快船,2021/5/5,105,26,22,34,23
1312,凱爾特人,2021/5/6,132,39,24,37,32
1313,魔術,2021/5/6,96,27,18,30,21
1314,開拓者,2021/5/6,141,29,38,35,39
1315,騎士,2021/5/6,105,28,29,23,25
1316,國王,2021/5/6,104,30,26,29,19
1317,步行者,2021/5/6,93,26,21,21,25
1318,奇才,2021/5/6,134,37,34,24,39
1319,雄鹿,2021/5/6,135,29,42,32,32
1320,灰熊,2021/5/6,139,33,40,34,32
1321,森林狼,2021/5/6,135,29,34,40,32
1322,太陽,2021/5/6,103,38,27,23,15
1323,老鷹,2021/5/6,135,42,25,30,38
1324,76人,2021/5/6,135,39,36,33,27
1325,火箭,2021/5/6,115,30,33,28,24
1326,尼克斯,2021/5/6,97,12,31,26,28
1327,掘金,2021/5/6,113,34,30,25,24
1328,馬刺,2021/5/6,94,26,16,21,31
1329,爵士,2021/5/6,126,38,28,34,26
1330,公牛,2021/5/7,120,34,25,37,24
1331,?蜂,2021/5/7,99,24,29,21,25
1332,奇才,2021/5/7,131,31,20,31,33
1333,猛龍,2021/5/7,129,33,27,26,29
1334,籃網,2021/5/7,109,32,30,21,26
1335,獨行俠,2021/5/7,113,37,26,19,31
1336,老鷹,2021/5/7,126,26,32,38,30
1337,步行者,2021/5/7,133,36,36,38,23
1338,灰熊,2021/5/7,97,32,17,21,27
1339,活塞,2021/5/7,111,31,27,20,33
1340,雷霆,2021/5/7,97,24,25,23,25
1341,勇士,2021/5/7,118,31,30,27,30
1342,湖人,2021/5/7,94,20,22,29,23
1343,快船,2021/5/7,118,29,36,27,26
1344,鵜鶘,2021/5/8,107,21,33,37,16
1345,76人,2021/5/8,109,32,38,18,21
1346,凱爾特人,2021/5/8,99,28,18,28,25
1347,公牛,2021/5/8,121,30,30,34,27
1348,森林狼,2021/5/8,112,32,22,24,34
1349,熱火,2021/5/8,121,28,31,30,32
1350,火箭,2021/5/8,133,34,29,29,41
1351,雄鹿,2021/5/8,141,34,30,43,34
1352,魔術,2021/5/8,112,31,31,27,23
1353,?蜂,2021/5/8,122,26,34,34,28
1354,騎士,2021/5/8,90,19,18,28,25
1355,獨行俠,2021/5/8,110,33,29,24,24
1356,掘金,2021/5/8,120,41,32,26,21
1357,爵士,2021/5/8,127,40,29,29,29
1358,尼克斯,2021/5/8,105,33,30,25,17
1359,太陽,2021/5/8,128,30,26,34,38
1360,馬刺,2021/5/8,113,25,27,26,35
1361,國王,2021/5/8,104,21,28,32,23
1362,湖人,2021/5/8,101,22,33,23,23
1363,開拓者,2021/5/8,106,34,25,23,24
1364,活塞,2021/5/9,104,17,26,30,31
1365,76人,2021/5/9,118,34,22,33,29
1366,奇才,2021/5/9,133,33,30,29,32
1367,步行者,2021/5/9,132,32,30,39,23
1368,灰熊,2021/5/9,109,26,21,34,28
1369,猛龍,2021/5/9,99,26,20,26,27
1370,雷霆,2021/5/9,97,25,23,19,30
1371,勇士,2021/5/9,136,37,36,33,30
1372,火箭,2021/5/9,116,32,28,23,33
1373,爵士,2021/5/9,124,32,34,30,28
1374,籃網,2021/5/9,125,24,32,41,28
1375,掘金,2021/5/9,119,37,34,33,15
1376,馬刺,2021/5/9,102,26,21,28,27
1377,開拓者,2021/5/9,124,27,30,33,34
1378,熱火,2021/5/10,130,36,43,26,25
1379,凱爾特人,2021/5/10,124,23,30,31,40
1380,尼克斯,2021/5/10,106,26,30,23,27
1381,快船,2021/5/10,100,29,25,20,26
1382,獨行俠,2021/5/10,124,39,25,34,26
1383,騎士,2021/5/10,97,30,23,19,25
1384,鵜鶘,2021/5/10,112,34,23,32,23
1385,?蜂,2021/5/10,110,25,42,29,14
1386,森林狼,2021/5/10,128,34,40,33,21
1387,魔術,2021/5/10,96,19,25,25,27
1388,公牛,2021/5/10,108,28,29,26,25
1389,活塞,2021/5/10,96,18,21,29,28
1390,太陽,2021/5/10,110,19,28,30,33
1391,湖人,2021/5/10,123,30,29,39,25
1392,雷霆,2021/5/10,98,25,26,20,27
1393,國王,2021/5/10,126,33,38,35,20
1394,奇才,2021/5/11,124,32,30,17,45
1395,老鷹,2021/5/11,125,34,27,35,29
1396,步行者,2021/5/11,111,27,26,26,32
1397,騎士,2021/5/11,102,28,32,17,25
1398,鵜鶘,2021/5/11,110,31,28,29,22
1399,灰熊,2021/5/11,115,36,35,15,29
1400,雄鹿,2021/5/11,125,36,28,29,32
1401,馬刺,2021/5/11,146,45,42,26,33
1402,爵士,2021/5/11,116,30,19,26,41
1403,勇士,2021/5/11,119,31,23,35,30
1404,火箭,2021/5/11,129,33,30,37,29
1405,開拓者,2021/5/11,140,50,29,32,29
1406,掘金,2021/5/12,117,38,25,28,26
1407,?蜂,2021/5/12,112,26,34,26,26
1408,森林狼,2021/5/12,119,30,32,24,33
1409,活塞,2021/5/12,100,20,20,25,35
1410,熱火,2021/5/12,129,28,34,31,36
1411,凱爾特人,2021/5/12,121,28,28,23,42
1412,快船,2021/5/12,115,27,33,25,30
1413,猛龍,2021/5/12,96,19,33,19,25
1414,獨行俠,2021/5/12,104,27,30,25,22
1415,灰熊,2021/5/12,133,28,32,36,37
1416,籃網,2021/5/12,115,32,32,29,22
1417,公牛,2021/5/12,107,23,28,23,33
1418,76人,2021/5/12,94,33,29,13,19
1419,步行者,2021/5/12,103,26,25,24,28
1420,魔術,2021/5/12,102,22,26,23,31
1421,雄鹿,2021/5/12,114,29,30,20,35
1422,太陽,2021/5/12,116,38,28,32,18
1423,勇士,2021/5/12,122,29,29,34,30
1424,雷霆,2021/5/12,106,32,33,18,23
1425,國王,2021/5/12,122,27,35,41,19
1426,尼克斯,2021/5/12,99,25,31,20,15
1427,湖人,2021/5/12,101,24,31,18,18
1428,奇才,2021/5/13,116,30,29,32,25
1429,老鷹,2021/5/13,120,35,21,27,37
1430,馬刺,2021/5/13,116,20,31,30,35
1431,籃網,2021/5/13,128,35,22,39,32
1432,凱爾特人,2021/5/13,94,17,22,30,25
1433,騎士,2021/5/13,102,22,20,25,35
1434,鵜鶘,2021/5/13,107,30,28,22,27
1435,獨行俠,2021/5/13,125,32,45,34,14
1436,開拓者,2021/5/13,105,24,35,25,21
1437,爵士,2021/5/13,98,31,25,20,22
1438,火箭,2021/5/13,122,26,27,43,26
1439,湖人,2021/5/13,124,34,25,41,24
1440,快船,2021/5/14,113,31,13,40,29
1441,?蜂,2021/5/14,90,23,24,30,13
1442,雄鹿,2021/5/14,142,39,30,40,33
1443,步行者,2021/5/14,133,38,28,30,37
1444,魔術,2021/5/14,93,16,25,30,22
1445,老鷹,2021/5/14,116,29,32,32,23
1446,76人,2021/5/14,94,22,19,26,27
1447,熱火,2021/5/14,106,38,22,29,17
1448,馬刺,2021/5/14,98,18,25,34,21
1449,尼克斯,2021/5/14,102,20,26,27,29
1450,國王,2021/5/14,110,32,28,23,27
1451,灰熊,2021/5/14,116,36,23,30,27
1452,掘金,2021/5/14,114,35,28,29,22
1453,森林狼,2021/5/14,103,26,26,37,14
1454,猛龍,2021/5/14,102,27,20,29,26
1455,公牛,2021/5/14,114,30,36,22,26
1456,開拓者,2021/5/14,117,26,27,24,40
1457,太陽,2021/5/14,118,26,26,33,33
1458,騎士,2021/5/15,105,33,23,20,29
1459,奇才,2021/5/15,120,31,27,33,29
1460,魔術,2021/5/15,97,24,19,26,28
1461,76人,2021/5/15,122,27,39,30,26
1462,掘金,2021/5/15,104,29,28,30,17
1463,活塞,2021/5/15,91,25,28,21,17
1464,爵士,2021/5/15,109,30,31,31,17
1465,雷霆,2021/5/15,93,20,27,19,27
1466,快船,2021/5/15,115,33,36,24,22
1467,火箭,2021/5/15,122,30,43,32,17
1468,國王,2021/5/15,106,25,32,19,30
1469,灰熊,2021/5/15,107,29,24,26,28
1470,猛龍,2021/5/15,110,26,26,31,27
1471,獨行俠,2021/5/15,114,31,35,26,22
1472,鵜鶘,2021/5/15,122,32,25,33,32
1473,勇士,2021/5/15,125,41,34,24,26
1474,公牛,2021/5/16,91,29,22,20,20
1475,籃網,2021/5/16,105,28,33,18,26
1476,?蜂,2021/5/16,109,27,27,32,18
1477,尼克斯,2021/5/16,118,36,27,26,15
1478,湖人,2021/5/16,122,36,28,32,26
1479,步行者,2021/5/16,115,28,28,32,27
1480,凱爾特人,2021/5/16,124,37,29,23,35
1481,森林狼,2021/5/16,108,26,21,27,34
1482,太陽,2021/5/16,140,34,34,41,31
1483,馬刺,2021/5/16,103,17,30,23,33
1484,熱火,2021/5/16,108,28,23,30,27
1485,雄鹿,2021/5/16,122,44,26,29,23
1486,步行者,2021/5/17,125,31,37,26,31
1487,猛龍,2021/5/17,113,30,25,28,30
1488,凱爾特人,2021/5/17,92,24,15,26,27
1489,尼克斯,2021/5/17,96,23,31,23,19
1490,?蜂,2021/5/17,110,36,20,34,20
1491,奇才,2021/5/17,115,22,30,27,36
1492,太陽,2021/5/17,123,27,25,37,34
1493,馬刺,2021/5/17,121,23,38,24,36
1494,灰熊,2021/5/17,101,29,20,20,32
1495,勇士,2021/5/17,113,30,25,31,27
1496,魔術,2021/5/17,117,26,39,25,27
1497,76人,2021/5/17,128,32,28,39,29
1498,騎士,2021/5/17,109,24,32,20,33
1499,籃網,2021/5/17,123,34,33,32,24
1500,火箭,2021/5/17,95,33,21,18,23
1501,老鷹,2021/5/17,124,36,36,27,25
1502,熱火,2021/5/17,120,32,37,26,25
1503,活塞,2021/5/17,107,13,34,24,36
1504,掘金,2021/5/17,116,22,33,29,32
1505,開拓者,2021/5/17,132,43,29,35,25
1506,湖人,2021/5/17,110,36,27,28,19
1507,鵜鶘,2021/5/17,98,28,31,17,22
1508,雄鹿,2021/5/17,112,23,31,31,27
1509,公牛,2021/5/17,118,33,22,36,27
1510,快船,2021/5/17,112,26,34,28,24
1511,雷霆,2021/5/17,117,35,27,24,31
1512,爵士,2021/5/17,121,28,36,33,24
1513,國王,2021/5/17,99,25,24,24,26
1514,獨行俠,2021/5/17,121,22,38,35,26
1515,森林狼,2021/5/17,136,38,38,37,23
1516,?蜂,2021/5/19,117,24,21,33,39
1517,步行者,2021/5/19,144,40,29,39,36
1518,奇才,2021/5/19,100,21,33,26,20
1519,凱爾特人,2021/5/19,118,27,25,38,28
1520,馬刺,2021/5/20,96,19,30,16,31
1521,灰熊,2021/5/20,100,38,18,16,28
1522,勇士,2021/5/20,100,28,27,24,21
1523,湖人,2021/5/20,103,22,20,35,26
1524,步行者,2021/5/21,115,29,23,31,32
1525,奇才,2021/5/21,142,30,36,48,28
1526,灰熊,2021/5/22,117,30,32,16,21
1527,勇士,2021/5/22,112,29,20,24,26
1528,熱火,2021/5/23,107,24,26,28,21
1529,雄鹿,2021/5/23,109,22,31,27,19
1530,獨行俠,2021/5/23,113,33,27,26,27
1531,快船,2021/5/23,103,30,25,25,23
1532,凱爾特人,2021/5/23,93,21,32,20,20
1533,籃網,2021/5/23,104,16,31,31,26
1534,開拓者,2021/5/23,123,35,23,38,27
1535,掘金,2021/5/23,109,30,31,25,23
1536,奇才,2021/5/24,118,28,34,31,25
1537,76人,2021/5/24,125,27,34,38,26
1538,湖人,2021/5/24,90,25,20,23,22
1539,太陽,2021/5/24,99,32,21,28,18
1540,老鷹,2021/5/24,107,24,28,19,36
1541,尼克斯,2021/5/24,105,16,34,23,32
1542,灰熊,2021/5/24,112,17,32,34,29
1543,爵士,2021/5/24,109,24,19,31,35
1544,熱火,2021/5/25,98,20,31,27,20
1545,雄鹿,2021/5/25,132,46,32,29,25
1546,開拓者,2021/5/25,109,25,36,26,22
1547,掘金,2021/5/25,128,31,42,28,27
1548,凱爾特人,2021/5/26,108,26,21,35,26
1549,籃網,2021/5/26,130,40,31,38,21
1550,湖人,2021/5/26,109,30,23,26,30
1551,太陽,2021/5/26,102,24,23,25,30
1552,獨行俠,2021/5/26,127,35,36,30,26
1553,快船,2021/5/26,121,33,40,19,29
1554,奇才,2021/5/27,95,24,33,23,15
1555,76人,2021/5/27,120,35,36,23,26
1556,老鷹,2021/5/27,92,27,30,18,17
1557,尼克斯,2021/5/27,101,20,24,32,25
1558,灰熊,2021/5/27,129,27,27,43,32
1559,爵士,2021/5/27,141,36,38,29,38
1560,雄鹿,2021/5/28,113,26,23,37,27
1561,熱火,2021/5/28,84,14,22,24,24
1562,太陽,2021/5/28,95,28,12,23,32
1563,湖人,2021/5/28,109,27,16,33,33
1564,掘金,2021/5/28,120,39,25,20,36
1565,開拓者,2021/5/28,115,30,29,20,36
1566,尼克斯,2021/5/29,94,31,13,28,22
1567,老鷹,2021/5/29,105,29,29,28,19
1568,籃網,2021/5/29,119,32,25,27,35
1569,凱爾特人,2021/5/29,125,33,28,35,29
1570,快船,2021/5/29,118,31,32,26,29
1571,獨行俠,2021/5/29,108,34,27,25,22
1572,雄鹿,2021/5/30,120,22,35,34,29
1573,熱火,2021/5/30,103,26,38,21,18
1574,掘金,2021/5/30,95,24,23,19,29
1575,開拓者,2021/5/30,115,32,25,36,22
1576,76人,2021/5/30,132,36,36,37,23
1577,奇才,2021/5/30,103,28,30,28,17
1578,爵士,2021/5/30,121,34,28,34,25
1579,灰熊,2021/5/30,111,22,29,34,26
1580,尼克斯,2021/5/31,96,26,23,22,25
1581,老鷹,2021/5/31,113,25,28,35,25
1582,太陽,2021/5/31,100,23,31,27,19
1583,湖人,2021/5/31,92,24,26,15,27
1584,籃網,2021/5/31,141,33,40,39,29
1585,凱爾特人,2021/5/31,126,34,26,31,35
1586,快船,2021/5/31,106,31,30,21,24
1587,獨行俠,2021/5/31,81,22,23,15,21
1588,76人,2021/6/1,114,31,30,19,34
1589,奇才,2021/6/1,122,28,32,32,30
1590,爵士,2021/6/1,120,34,25,41,20
1591,灰熊,2021/6/1,113,31,23,33,26
1592,凱爾特人,2021/6/2,109,24,27,28,30
1593,籃網,2021/6/2,123,31,28,27,37
1594,開拓者,2021/6/2,140,25,37,32,27
1595,掘金,2021/6/2,147,38,27,27,29
1596,湖人,2021/6/2,85,26,10,27,22
1597,太陽,2021/6/2,115,34,32,26,23
1598,奇才,2021/6/3,112,29,34,31,18
1599,76人,2021/6/3,129,29,36,38,26
1600,老鷹,2021/6/3,103,21,31,22,29
1601,尼克斯,2021/6/3,89,21,26,15,27
1602,灰熊,2021/6/3,110,27,24,25,34
1603,爵士,2021/6/3,126,47,28,31,20
1604,獨行俠,2021/6/3,105,35,21,33,16
1605,快船,2021/6/3,100,28,26,21,25
1606,掘金,2021/6/4,126,29,32,37,28
1607,開拓者,2021/6/4,115,33,35,33,14
1608,太陽,2021/6/4,113,36,26,27,24
1609,湖人,2021/6/4,100,14,27,35,24
1610,快船,2021/6/5,104,26,22,25,31
1611,獨行俠,2021/6/5,97,28,17,32,20
1612,雄鹿,2021/6/6,107,32,29,23,23
1613,籃網,2021/6/6,115,30,33,35,17
1614,老鷹,2021/6/7,128,42,32,25,29
1615,76人,2021/6/7,124,27,27,29,41
1616,獨行俠,2021/6/7,111,38,24,23,26
1617,快船,2021/6/7,126,35,35,30,26
1618,雄鹿,2021/6/8,86,19,22,24,21
1619,籃網,2021/6/8,125,36,29,30,30
1620,掘金,2021/6/8,105,28,30,21,26
1621,太陽,2021/6/8,122,28,29,31,34
1622,老鷹,2021/6/9,102,20,35,29,18
1623,76人,2021/6/9,118,33,24,34,27
1624,快船,2021/6/9,109,25,35,19,30
1625,爵士,2021/6/9,112,18,29,32,33
1626,掘金,2021/6/10,98,21,21,25,31
1627,太陽,2021/6/10,123,25,27,34,37
1628,籃網,2021/6/11,83,11,31,23,18
1629,雄鹿,2021/6/11,86,30,15,22,19
1630,快船,2021/6/11,111,29,24,33,25
1631,爵士,2021/6/11,117,30,36,27,24
1632,76人,2021/6/12,127,28,33,34,32
1633,老鷹,2021/6/12,111,20,36,19,36
1634,太陽,2021/6/12,116,37,22,31,26
1635,掘金,2021/6/12,102,27,28,21,26
1636,爵士,2021/6/13,106,23,26,34,23
1637,快船,2021/6/13,132,27,37,30,38
1638,籃網,2021/6/14,96,26,22,21,27
1639,雄鹿,2021/6/14,107,23,30,28,26
1640,太陽,2021/6/14,125,28,35,33,29
1641,掘金,2021/6/14,118,22,33,28,35
1642,76人,2021/6/15,100,28,34,20,18
1643,老鷹,2021/6/15,103,20,29,31,23
1644,爵士,2021/6/15,104,13,31,29,31
1645,快船,2021/6/15,118,30,38,26,24
1646,雄鹿,2021/6/16,108,29,30,28,21
1647,籃網,2021/6/16,114,15,28,38,33
1648,老鷹,2021/6/17,109,24,16,29,40
1649,76人,2021/6/17,106,38,24,25,19
1650,快船,2021/6/17,119,36,24,32,27
1651,爵士,2021/6/17,111,37,28,18,28
1652,籃網,2021/6/18,89,19,29,19,22
1653,雄鹿,2021/6/18,104,26,33,19,26
1654,76人,2021/6/19,104,22,25,33,24
1655,老鷹,2021/6/19,99,29,22,25,23
1656,爵士,2021/6/19,119,33,39,22,25
1657,快船,2021/6/19,131,31,19,41,40
1658,雄鹿,2021/6/20,115,25,22,35,27
1659,籃網,2021/6/20,111,28,25,28,28
1660,太陽,2021/6/25,92,21,27,21,23
1661,快船,2021/6/25,106,29,17,34,26
1662,老鷹,2021/6/26,91,28,17,18,28
1663,雄鹿,2021/6/26,125,34,43,26,22
1664,太陽,2021/6/27,84,29,21,19,15
1665,快船,2021/6/27,80,20,16,30,14
1666,雄鹿,2021/6/28,113,27,29,27,30
1667,老鷹,2021/6/28,102,32,24,29,17
1668,快船,2021/6/29,116,36,23,32,25
1669,太陽,2021/6/29,102,26,26,26,24
1670,雄鹿,2021/6/30,88,22,16,24,26
1671,老鷹,2021/6/30,110,25,26,36,23
1672,太陽,2021/7/1,130,33,33,31,33
1673,快船,2021/7/1,103,29,28,26,20
1674,老鷹,2021/7/2,112,22,34,22,34
1675,雄鹿,2021/7/2,123,36,29,26,32
1676,雄鹿,2021/7/9,108,29,16,33,30
1677,太陽,2021/7/9,118,26,30,32,30
1678,太陽,2021/7/12,100,28,17,31,24
1679,雄鹿,2021/7/12,120,25,35,38,22
1680,太陽,2021/7/15,103,23,29,30,21
1681,雄鹿,2021/7/15,109,20,32,24,33
1682,雄鹿,2021/7/18,123,21,43,36,23
1683,太陽,2021/7/18,119,37,24,29,29
1684,太陽,2021/7/21,98,16,31,30,21
1685,雄鹿,2021/7/21,105,29,13,35,28
